id_user,nama_nasabah,tanggal_lahir,nama_ibu_kandung,segmen_demografi,gaji_bulanan,persona_dasar,is_dynamic,persona_bulan_1,persona_bulan_2,persona_bulan_3
USR-362,Sutan Perkasa Hakim,1992-11-24,Gina Permata,First Jobber,4750000,Unconflicted,0,Unconflicted,Unconflicted,Unconflicted
USR-074,"Bakiadi Suryono, M.TI.",2002-04-29,dr. Cornelia Prakasa,Mahasiswa,3210000,Unconflicted,0,Unconflicted,Unconflicted,Unconflicted
USR-375,Karen Mulyani,2006-04-08,Cinthia Halimah,First Jobber,5580000,Tightwad,0,Tightwad,Tightwad,Tightwad
USR-156,Sari Laksita,2006-01-29,Lasmanto Hidayat,Mahasiswa,2970000,Spendthrift,0,Spendthrift,Spendthrift,Spendthrift
USR-105,"drg. Jaka Fujiati, M.Farm",1995-03-17,"R.A. Yance Irawan, S.T.",Mahasiswa,1600000,Tightwad,1,Tightwad,Tightwad,Tightwad
USR-395,R.A. Qori Wibisono,2002-07-25,Tgk. Harjo Mandala,First Jobber,4690000,Spendthrift,0,Spendthrift,Spendthrift,Spendthrift
USR-378,Eva Napitupulu,1996-04-24,Qori Prasasta,First Jobber,5960000,Unconflicted,0,Unconflicted,Unconflicted,Unconflicted
USR-125,Salimah Hutapea,1993-03-15,Kusuma Hutagalung,Mahasiswa,2140000,Spendthrift,1,Spendthrift,Spendthrift,Spendthrift
USR-069,Salimah Maheswara,2003-05-02,Ophelia Saragih,Mahasiswa,1550000,Tightwad,0,Tightwad,Tightwad,Tightwad
USR-451,"KH. Hendra Halim, S.T.",2005-12-25,Nardi Mustofa,Profesional,14400000,Unconflicted,0,Unconflicted,Unconflicted,Unconflicted
USR-010,"Puti Kezia Setiawan, M.M.",2001-10-26,Elisa Uwais,Mahasiswa,1510000,Spendthrift,0,Spendthrift,Spendthrift,Spendthrift
USR-195,Drs. Irfan Januar,2004-08-26,Simon Yolanda,Mahasiswa,3420000,Spendthrift,0,Spendthrift,Spendthrift,Spendthrift
USR-407,Ilsa Santoso,1999-04-03,Caturangga Fujiati,Profesional,8760000,Unconflicted,0,Unconflicted,Unconflicted,Unconflicted
USR-085,Puput Hastuti,1997-11-10,Rafi Andriani,Mahasiswa,1960000,Unconflicted,0,Unconflicted,Unconflicted,Unconflicted
USR-372,Fathonah Sitorus,1995-11-01,Danuja Nainggolan,First Jobber,5690000,Unconflicted,0,Unconflicted,Unconflicted,Unconflicted
USR-389,Mursinin Prasetyo,1995-10-11,"Puti Safina Yulianti, S.Gz",First Jobber,5330000,Tightwad,0,Tightwad,Tightwad,Tightwad
USR-496,Jaiman Uwais,2001-01-10,Vera Napitupulu,Profesional,9800000,Unconflicted,0,Unconflicted,Unconflicted,Unconflicted
USR-031,Utama Firmansyah,2005-11-07,Kamidin Prakasa,Mahasiswa,1580000,Unconflicted,0,Unconflicted,Unconflicted,Unconflicted
USR-317,"Farhunnisa Zulkarnain, M.TI.",2004-04-29,Zizi Halim,First Jobber,4500000,Tightwad,0,Tightwad,Tightwad,Tightwad
USR-409,Najam Utami,1999-04-20,R.A. Michelle Kurniawan,Profesional,19000000,Spendthrift,0,Spendthrift,Spendthrift,Spendthrift
USR-491,KH. Vino Yolanda,1997-12-04,Hilda Agustina,Profesional,9590000,Unconflicted,0,Unconflicted,Unconflicted,Unconflicted
USR-492,"Jamalia Saputra, S.Pt",2000-08-30,Jefri Wulandari,Profesional,19740000,Unconflicted,0,Unconflicted,Unconflicted,Unconflicted
USR-281,Simon Hidayanto,1998-07-07,"Maimunah Irawan, S.Psi",First Jobber,5130000,Spendthrift,0,Spendthrift,Spendthrift,Spendthrift
USR-357,"Cut Usyi Damanik, S.Pd",1998-09-17,"Puji Anggraini, M.Pd",First Jobber,5470000,Unconflicted,0,Unconflicted,Unconflicted,Unconflicted
USR-077,Lalita Prasasta,1993-01-12,"Agnes Kurniawan, S.Farm",Mahasiswa,3500000,Unconflicted,0,Unconflicted,Unconflicted,Unconflicted
USR-462,Aslijan Widodo,2001-08-21,"Tira Pradipta, S.Farm",Profesional,10210000,Unconflicted,0,Unconflicted,Unconflicted,Unconflicted
USR-498,Tgk. Makara Anggriawan,2007-06-30,Prabu Wahyuni,Profesional,18730000,Spendthrift,0,Spendthrift,Spendthrift,Spendthrift
USR-212,Ir. Gaiman Gunawan,1994-05-06,Cut Agnes Putra,First Jobber,5530000,Tightwad,0,Tightwad,Tightwad,Tightwad
USR-102,Jono Yuliarti,1996-07-08,"drg. Yuni Lestari, S.IP",Mahasiswa,1670000,Tightwad,1,Tightwad,Tightwad,Tightwad
USR-335,Humaira Nababan,2004-12-07,Elisa Haryanti,First Jobber,5560000,Unconflicted,0,Unconflicted,Unconflicted,Unconflicted
USR-476,"R. Agus Rahmawati, S.Pt",1990-08-16,Arta Halim,Profesional,9010000,Tightwad,1,Tightwad,Tightwad,Tightwad
USR-337,Lurhur Uyainah,2006-07-11,"drg. Oliva Simbolon, S.Pt",First Jobber,5220000,Tightwad,0,Tightwad,Tightwad,Tightwad
USR-441,"drg. Putri Mayasari, M.Kom.",1997-09-28,Lidya Handayani,Profesional,9500000,Spendthrift,0,Spendthrift,Spendthrift,Spendthrift
USR-174,"Samiah Widodo, M.Pd",1996-12-16,"dr. Aditya Saptono, M.Pd",Mahasiswa,3380000,Spendthrift,0,Spendthrift,Spendthrift,Spendthrift
USR-003,Daruna Mayasari,2001-03-19,Sutan Nasrullah Yulianti,Mahasiswa,3380000,Spendthrift,0,Spendthrift,Spendthrift,Spendthrift
USR-334,Mutia Yuniar,2000-02-27,Diana Mayasari,First Jobber,4670000,Unconflicted,0,Unconflicted,Unconflicted,Unconflicted
USR-410,Gadang Ardianto,2007-06-16,Zaenab Safitri,Profesional,15590000,Tightwad,0,Tightwad,Tightwad,Tightwad
USR-071,"Wage Wibowo, S.E.",2001-06-16,Latika Pudjiastuti,Mahasiswa,3310000,Tightwad,1,Tightwad,Tightwad,Tightwad
USR-210,"Irwan Laksita, M.Ak",1998-05-02,Gasti Mulyani,First Jobber,5740000,Spendthrift,0,Spendthrift,Spendthrift,Spendthrift
USR-064,Shania Nasyiah,1996-05-03,Bambang Rajata,Mahasiswa,2040000,Tightwad,0,Tightwad,Tightwad,Tightwad
USR-385,Dr. Hendra Budiman,1990-09-04,"Ika Nasyiah, S.Pd",First Jobber,4850000,Tightwad,1,Tightwad,Tightwad,Tightwad
USR-094,"Puput Habibi, S.I.Kom",1994-05-31,Purwadi Yulianti,Mahasiswa,3280000,Tightwad,0,Tightwad,Tightwad,Tightwad
USR-486,Tania Permata,2001-09-03,Mutia Melani,Profesional,18180000,Tightwad,0,Tightwad,Tightwad,Tightwad
USR-186,"R.A. Julia Maulana, M.Ak",1990-06-05,"R. Diah Namaga, S.T.",Mahasiswa,3280000,Tightwad,0,Tightwad,Tightwad,Tightwad
USR-034,"Irfan Thamrin, S.Farm",1997-10-10,"Cut Samiah Yolanda, S.IP",Mahasiswa,3170000,Unconflicted,0,Unconflicted,Unconflicted,Unconflicted
USR-078,Cecep Maryati,1998-09-27,Sutan Vero Maheswara,Mahasiswa,1980000,Spendthrift,1,Spendthrift,Spendthrift,Spendthrift
USR-001,"Balidin Dongoran, S.T.",1994-10-14,Okto Jailani,Mahasiswa,3130000,Spendthrift,1,Spendthrift,Spendthrift,Spendthrift
USR-012,"Cawisono Nasyidah, S.H.",1993-04-26,Humaira Uyainah,Mahasiswa,3450000,Unconflicted,1,Unconflicted,Unconflicted,Unconflicted
USR-416,Wawan Hariyah,2007-05-09,Ismail Siregar,Profesional,12830000,Unconflicted,1,Unconflicted,Unconflicted,Unconflicted
USR-023,Vanesa Marpaung,2000-02-01,"Dr. Vega Adriansyah, M.Ak",Mahasiswa,1910000,Unconflicted,0,Unconflicted,Unconflicted,Unconflicted
USR-073,Maimunah Handayani,2002-07-16,drg. Putu Narpati,Mahasiswa,1680000,Tightwad,0,Tightwad,Tightwad,Tightwad
USR-183,"Gatot Halim, S.Sos",1995-05-05,Warta Hasanah,Mahasiswa,2120000,Spendthrift,0,Spendthrift,Spendthrift,Spendthrift
USR-132,Tirtayasa Astuti,2003-08-07,Tgk. Aisyah Iswahyudi,Mahasiswa,2440000,Tightwad,0,Tightwad,Tightwad,Tightwad
USR-411,Wani Sitompul,1998-04-20,Yulia Yulianti,Profesional,19060000,Unconflicted,0,Unconflicted,Unconflicted,Unconflicted
USR-194,Drs. Tania Simbolon,1997-03-26,Drs. Ida Hasanah,Mahasiswa,3400000,Unconflicted,0,Unconflicted,Unconflicted,Unconflicted
USR-056,Dt. Rafid Uwais,2000-11-11,Irfan Mahendra,Mahasiswa,3030000,Unconflicted,0,Unconflicted,Unconflicted,Unconflicted
USR-149,Juli Puspasari,2004-02-09,Mutia Sinaga,Mahasiswa,2800000,Unconflicted,0,Unconflicted,Unconflicted,Unconflicted
USR-019,Kezia Riyanti,2008-04-22,T. Kadir Anggriawan,Mahasiswa,1670000,Spendthrift,0,Spendthrift,Spendthrift,Spendthrift
USR-205,Tira Saragih,2006-12-19,Agnes Najmudin,First Jobber,5490000,Tightwad,0,Tightwad,Tightwad,Tightwad
USR-079,Diana Hariyah,2002-05-24,Drs. Galiono Handayani,Mahasiswa,2600000,Unconflicted,0,Unconflicted,Unconflicted,Unconflicted
USR-495,Ajeng Uwais,1993-12-27,Tgk. Ulya Oktaviani,Profesional,17420000,Tightwad,0,Tightwad,Tightwad,Tightwad
USR-263,"Cemplunk Mansur, S.Pt",2003-04-07,Ani Sihombing,First Jobber,5090000,Spendthrift,0,Spendthrift,Spendthrift,Spendthrift
USR-324,"KH. Cakrabuana Siregar, S.Gz",1995-07-22,"Cindy Situmorang, M.M.",First Jobber,5110000,Tightwad,0,Tightwad,Tightwad,Tightwad
USR-484,Dr. Purwa Rajata,1993-05-19,Pangestu Santoso,Profesional,12320000,Spendthrift,0,Spendthrift,Spendthrift,Spendthrift
USR-080,Drs. Maria Pudjiastuti,1998-05-27,Paiman Kusmawati,Mahasiswa,2690000,Tightwad,1,Tightwad,Tightwad,Tightwad
USR-040,Lintang Puspita,2002-04-16,Eva Nainggolan,Mahasiswa,1730000,Spendthrift,0,Spendthrift,Spendthrift,Spendthrift
USR-452,Cakrabuana Sinaga,2005-04-16,"Ir. Hartana Lestari, S.E.I",Profesional,13220000,Unconflicted,0,Unconflicted,Unconflicted,Unconflicted
USR-047,Michelle Sihotang,2007-02-06,Adika Haryanti,Mahasiswa,3420000,Unconflicted,0,Unconflicted,Unconflicted,Unconflicted
USR-239,Ganep Laksita,1993-10-31,Chandra Hutagalung,First Jobber,5370000,Spendthrift,0,Spendthrift,Spendthrift,Spendthrift
USR-392,"Puti Paris Gunarto, S.H.",1994-03-08,"Ir. Nabila Saputra, S.Gz",First Jobber,5190000,Spendthrift,0,Spendthrift,Spendthrift,Spendthrift
USR-353,Warji Halimah,1990-12-12,Elvina Mansur,First Jobber,4690000,Unconflicted,0,Unconflicted,Unconflicted,Unconflicted
USR-342,Halim Mardhiyah,2006-12-29,"Vera Saragih, S.IP",First Jobber,5320000,Spendthrift,0,Spendthrift,Spendthrift,Spendthrift
USR-278,Yosef Latupono,1990-11-04,Jamil Maryati,First Jobber,5520000,Unconflicted,1,Unconflicted,Unconflicted,Unconflicted
USR-291,Luis Sihombing,2001-06-08,Jefri Yuniar,First Jobber,5700000,Unconflicted,1,Unconflicted,Unconflicted,Unconflicted
USR-318,"Dina Maryati, S.Kom",2000-06-21,"Jati Novitasari, S.Sos",First Jobber,5680000,Unconflicted,1,Unconflicted,Unconflicted,Unconflicted
USR-305,"Karimah Waskita, S.I.Kom",1991-03-11,Kairav Purwanti,First Jobber,5970000,Tightwad,0,Tightwad,Tightwad,Tightwad
USR-269,Wani Hutasoit,2003-06-19,Irfan Suartini,First Jobber,5420000,Spendthrift,0,Spendthrift,Spendthrift,Spendthrift
USR-070,"Hasan Simbolon, S.Sos",2002-12-05,R.M. Dadi Andriani,Mahasiswa,3000000,Spendthrift,1,Spendthrift,Spendthrift,Spendthrift
USR-456,"Puti Wulan Nasyidah, S.Sos",1994-04-19,Yunita Prabowo,Profesional,19500000,Tightwad,0,Tightwad,Tightwad,Tightwad
USR-466,"Yani Jailani, S.IP",1996-01-07,Dina Wibowo,Profesional,19400000,Spendthrift,0,Spendthrift,Spendthrift,Spendthrift
USR-155,"Lala Yulianti, S.Pt",2005-09-16,"Hj. Zamira Nasyidah, S.Sos",Mahasiswa,2800000,Spendthrift,0,Spendthrift,Spendthrift,Spendthrift
USR-083,Empluk Sitorus,1996-02-18,R. Cahyo Maryadi,Mahasiswa,1770000,Spendthrift,0,Spendthrift,Spendthrift,Spendthrift
USR-478,Manah Nasyiah,2000-01-21,Estiawan Hutasoit,Profesional,17050000,Unconflicted,0,Unconflicted,Unconflicted,Unconflicted
USR-173,"R. Jarwa Hutagalung, S.E.I",2003-12-14,Satya Wastuti,Mahasiswa,2800000,Unconflicted,0,Unconflicted,Unconflicted,Unconflicted
USR-322,"Fathonah Lestari, S.Psi",1999-01-05,KH. Najam Saefullah,First Jobber,4830000,Unconflicted,0,Unconflicted,Unconflicted,Unconflicted
USR-091,"Akarsana Hutasoit, S.Farm",1992-10-26,Elvina Hardiansyah,Mahasiswa,2520000,Spendthrift,0,Spendthrift,Spendthrift,Spendthrift
USR-181,"Baktiadi Lestari, M.Ak",1997-09-21,Ami Uwais,Mahasiswa,3110000,Tightwad,0,Tightwad,Tightwad,Tightwad
USR-415,Calista Pratiwi,1993-12-21,R.M. Mahmud Pudjiastuti,Profesional,12440000,Unconflicted,0,Unconflicted,Unconflicted,Unconflicted
USR-313,Wulan Usamah,1990-11-09,Hani Yolanda,First Jobber,5760000,Unconflicted,0,Unconflicted,Unconflicted,Unconflicted
USR-279,Putri Lazuardi,1995-02-02,Tiara Hassanah,First Jobber,4630000,Spendthrift,1,Spendthrift,Spendthrift,Spendthrift
USR-382,"Puti Yuliana Winarsih, S.Gz",2004-02-19,Dina Usamah,First Jobber,5230000,Spendthrift,0,Spendthrift,Spendthrift,Spendthrift
USR-473,Septi Habibi,2004-06-26,"Sutan Jumari Winarno, S.IP",Profesional,14980000,Spendthrift,0,Spendthrift,Spendthrift,Spendthrift
USR-363,Ratih Rahimah,2004-04-13,"dr. Gilda Sihombing, S.E.I",First Jobber,5260000,Spendthrift,1,Spendthrift,Spendthrift,Spendthrift
USR-325,"Edi Kuswandari, S.Kom",1994-01-05,T. Wardi Purwanti,First Jobber,5910000,Spendthrift,0,Spendthrift,Spendthrift,Spendthrift
USR-432,Estiawan Haryanto,2000-10-08,"Dr. Cengkir Utama, S.Psi",Profesional,16620000,Tightwad,1,Tightwad,Tightwad,Tightwad
USR-348,Catur Simbolon,2005-10-04,Calista Zulaika,First Jobber,4820000,Tightwad,0,Tightwad,Tightwad,Tightwad
USR-087,Natalia Ardianto,2007-05-07,Umi Wibisono,Mahasiswa,2900000,Spendthrift,1,Spendthrift,Spendthrift,Spendthrift
USR-076,Puti Mutia Agustina,2006-04-30,R.A. Tina Winarno,Mahasiswa,2960000,Tightwad,0,Tightwad,Tightwad,Tightwad
USR-439,Kala Marbun,1999-03-11,Cengkir Sihotang,Profesional,16220000,Unconflicted,0,Unconflicted,Unconflicted,Unconflicted
USR-016,"Putri Nasyiah, S.T.",2003-10-28,Restu Wacana,Mahasiswa,1810000,Unconflicted,1,Unconflicted,Unconflicted,Unconflicted
USR-250,Harto Mardhiyah,1997-02-08,Cindy Wahyudin,First Jobber,5330000,Spendthrift,0,Spendthrift,Spendthrift,Spendthrift
USR-434,drg. Rahmi Wijaya,2000-12-10,Kamila Haryanti,Profesional,15410000,Tightwad,0,Tightwad,Tightwad,Tightwad
USR-020,"Najam Latupono, M.Pd",2003-11-23,"Ir. Ganep Kusumo, S.Pd",Mahasiswa,3470000,Unconflicted,0,Unconflicted,Unconflicted,Unconflicted
USR-323,Dewi Pertiwi,2002-07-22,Lala Situmorang,First Jobber,5740000,Spendthrift,1,Spendthrift,Spendthrift,Spendthrift
USR-333,Adika Salahudin,2000-08-07,Wisnu Sitorus,First Jobber,5800000,Tightwad,0,Tightwad,Tightwad,Tightwad
USR-057,Gaiman Utama,2006-07-23,"Dt. Uda Tamba, S.Kom",Mahasiswa,1780000,Unconflicted,0,Unconflicted,Unconflicted,Unconflicted
USR-302,Ayu Iswahyudi,2007-05-23,drg. Dimas Pratama,First Jobber,5760000,Unconflicted,1,Unconflicted,Unconflicted,Unconflicted
USR-230,R.M. Yusuf Halim,1998-06-27,"Tgk. Nasab Hutasoit, M.TI.",First Jobber,4770000,Tightwad,1,Tightwad,Tightwad,Tightwad
USR-332,Raihan Widodo,2004-07-23,Waluyo Siregar,First Jobber,5480000,Spendthrift,0,Spendthrift,Spendthrift,Spendthrift
USR-133,Yono Wulandari,2005-06-04,Ir. Ayu Wulandari,Mahasiswa,2600000,Spendthrift,1,Spendthrift,Spendthrift,Spendthrift
USR-138,Hafshah Sinaga,1992-06-18,"dr. Saka Mulyani, S.Ked",Mahasiswa,2100000,Spendthrift,0,Spendthrift,Spendthrift,Spendthrift
USR-424,Drs. Eka Situmorang,2008-05-02,Ciaobella Sihombing,Profesional,19350000,Spendthrift,0,Spendthrift,Spendthrift,Spendthrift
USR-336,"Edi Nashiruddin, S.Ked",2003-08-21,"T. Kasim Wulandari, S.Kom",First Jobber,5790000,Unconflicted,0,Unconflicted,Unconflicted,Unconflicted
USR-026,"Puti Vanya Nasyidah, S.E.I",1992-09-08,Pia Marbun,Mahasiswa,3120000,Spendthrift,0,Spendthrift,Spendthrift,Spendthrift
USR-465,"Puti Zelda Anggraini, S.E.I",1998-12-22,Harjo Irawan,Profesional,19480000,Tightwad,0,Tightwad,Tightwad,Tightwad
USR-282,"Ganjaran Haryanto, M.Pd",2000-02-19,Zizi Manullang,First Jobber,5560000,Tightwad,0,Tightwad,Tightwad,Tightwad
USR-248,"Puti Intan Hutasoit, S.E.",1995-04-15,R.M. Radika Fujiati,First Jobber,5120000,Unconflicted,0,Unconflicted,Unconflicted,Unconflicted
USR-238,"Mumpuni Anggraini, M.TI.",1996-11-21,Ira Najmudin,First Jobber,5440000,Spendthrift,0,Spendthrift,Spendthrift,Spendthrift
USR-118,Teddy Budiman,2000-09-16,Natalia Farida,Mahasiswa,3170000,Tightwad,1,Tightwad,Tightwad,Tightwad
USR-043,Soleh Nashiruddin,1991-08-11,Mursita Prakasa,Mahasiswa,2480000,Unconflicted,0,Unconflicted,Unconflicted,Unconflicted
USR-221,Karta Melani,1993-11-12,"Tgk. Gara Yuliarti, S.E.I",First Jobber,5700000,Spendthrift,0,Spendthrift,Spendthrift,Spendthrift
USR-177,Marsudi Haryanto,2001-10-24,Tira Sihombing,Mahasiswa,3420000,Spendthrift,0,Spendthrift,Spendthrift,Spendthrift
USR-321,Puti Salahudin,1994-06-04,Vera Suwarno,First Jobber,4630000,Spendthrift,0,Spendthrift,Spendthrift,Spendthrift
USR-154,Bahuraksa Halimah,2004-06-11,Jessica Oktaviani,Mahasiswa,2300000,Unconflicted,0,Unconflicted,Unconflicted,Unconflicted
USR-232,R. Karimah Wahyudin,2006-11-25,Laila Sirait,First Jobber,5460000,Unconflicted,0,Unconflicted,Unconflicted,Unconflicted
USR-228,Ir. Ophelia Winarno,1998-09-15,KH. Okta Gunarto,First Jobber,5150000,Unconflicted,0,Unconflicted,Unconflicted,Unconflicted
USR-418,"Candra Anggraini, S.Sos",1991-09-16,Dr. Restu Wacana,Profesional,15340000,Spendthrift,0,Spendthrift,Spendthrift,Spendthrift
USR-204,Lulut Wahyuni,2005-04-22,Ana Najmudin,First Jobber,4650000,Spendthrift,0,Spendthrift,Spendthrift,Spendthrift
USR-127,Edward Suryono,2003-01-12,Belinda Pradipta,Mahasiswa,2350000,Spendthrift,0,Spendthrift,Spendthrift,Spendthrift
USR-330,Irma Yuliarti,1991-06-10,"R. Martana Pertiwi, S.H.",First Jobber,5560000,Unconflicted,0,Unconflicted,Unconflicted,Unconflicted
USR-032,Salsabila Laksita,1994-03-26,Nyoman Pertiwi,Mahasiswa,1660000,Spendthrift,0,Spendthrift,Spendthrift,Spendthrift
USR-114,"H. Cengkal Nababan, S.Kom",2003-09-03,Tari Rahmawati,Mahasiswa,2170000,Spendthrift,0,Spendthrift,Spendthrift,Spendthrift
USR-471,"Bakiadi Prayoga, M.Pd",2001-03-12,"Rachel Suryono, S.Ked",Profesional,8620000,Spendthrift,0,Spendthrift,Spendthrift,Spendthrift
USR-272,Melinda Gunarto,2003-06-17,Raisa Fujiati,First Jobber,4820000,Tightwad,0,Tightwad,Tightwad,Tightwad
USR-141,Wira Suwarno,1998-04-06,"Nova Maheswara, S.Ked",Mahasiswa,2550000,Tightwad,0,Tightwad,Tightwad,Tightwad
USR-058,"Drajat Widiastuti, S.IP",1996-09-28,dr. Lukman Mangunsong,Mahasiswa,2280000,Spendthrift,1,Spendthrift,Spendthrift,Spendthrift
USR-193,Rachel Maulana,1991-07-23,Sarah Usada,Mahasiswa,2900000,Unconflicted,0,Unconflicted,Unconflicted,Unconflicted
USR-025,Asmianto Permadi,2006-03-07,Bakiadi Laksita,Mahasiswa,3240000,Tightwad,1,Tightwad,Tightwad,Tightwad
USR-018,"Puti Eva Utami, S.E.",2004-08-19,Rina Haryanto,Mahasiswa,2420000,Tightwad,0,Tightwad,Tightwad,Tightwad
USR-266,Edison Tamba,2005-11-23,Sakti Yolanda,First Jobber,5730000,Unconflicted,0,Unconflicted,Unconflicted,Unconflicted
USR-067,"Maya Adriansyah, M.TI.",2007-01-14,Ir. Najib Winarsih,Mahasiswa,2620000,Tightwad,0,Tightwad,Tightwad,Tightwad
USR-209,Candrakanta Safitri,1991-04-10,Empluk Handayani,First Jobber,5890000,Tightwad,0,Tightwad,Tightwad,Tightwad
USR-480,Hj. Vanesa Yulianti,2002-08-20,Galak Fujiati,Profesional,10270000,Unconflicted,0,Unconflicted,Unconflicted,Unconflicted
USR-095,Perkasa Dabukke,2007-06-21,Salman Damanik,Mahasiswa,2920000,Tightwad,0,Tightwad,Tightwad,Tightwad
USR-254,"R. Pia Sudiati, M.TI.",1997-12-29,"T. Dasa Sihombing, S.IP",First Jobber,5540000,Unconflicted,0,Unconflicted,Unconflicted,Unconflicted
USR-267,Humaira Maheswara,2004-10-06,Lalita Farida,First Jobber,5840000,Tightwad,0,Tightwad,Tightwad,Tightwad
USR-024,Nurul Budiyanto,1992-05-22,Yance Samosir,Mahasiswa,3210000,Unconflicted,0,Unconflicted,Unconflicted,Unconflicted
USR-223,"KH. Marwata Hutagalung, S.E.",2007-07-02,"Jumadi Hariyah, M.Farm",First Jobber,4670000,Tightwad,1,Tightwad,Tightwad,Tightwad
USR-262,Garan Palastri,1996-06-20,"Cayadi Hariyah, M.Kom.",First Jobber,5660000,Unconflicted,0,Unconflicted,Unconflicted,Unconflicted
USR-427,Tantri Hartati,1996-02-12,Aurora Latupono,Profesional,10960000,Spendthrift,0,Spendthrift,Spendthrift,Spendthrift
USR-006,Bakiman Wibowo,1992-02-12,"dr. Rahmi Saptono, S.Gz",Mahasiswa,2090000,Tightwad,0,Tightwad,Tightwad,Tightwad
USR-117,Kadir Siregar,2002-12-06,Makuta Lestari,Mahasiswa,3300000,Unconflicted,0,Unconflicted,Unconflicted,Unconflicted
USR-046,"Nasrullah Sihotang, S.H.",1995-02-27,Mumpuni Yuliarti,Mahasiswa,1790000,Tightwad,0,Tightwad,Tightwad,Tightwad
USR-017,Gawati Mandala,1999-07-20,Perkasa Hardiansyah,Mahasiswa,2250000,Tightwad,0,Tightwad,Tightwad,Tightwad
USR-463,"Bakijan Kuswoyo, S.Ked",1994-03-21,Cahyadi Rahayu,Profesional,15520000,Spendthrift,0,Spendthrift,Spendthrift,Spendthrift
USR-358,Yuni Pradana,1994-10-31,Eva Saefullah,First Jobber,5740000,Tightwad,1,Tightwad,Tightwad,Tightwad
USR-004,"Puji Andriani, S.H.",1998-06-18,Yessi Ardianto,Mahasiswa,2890000,Spendthrift,0,Spendthrift,Spendthrift,Spendthrift
USR-219,"Puti Hesti Fujiati, M.Farm",1997-08-01,Harto Saragih,First Jobber,5360000,Unconflicted,0,Unconflicted,Unconflicted,Unconflicted
USR-406,"Putri Prasasta, M.Farm",1999-10-04,"Harjasa Narpati, S.E.I",Profesional,16360000,Spendthrift,1,Spendthrift,Spendthrift,Spendthrift
USR-061,"R.A. Hasna Manullang, S.IP",1997-04-06,Sidiq Halimah,Mahasiswa,2860000,Spendthrift,1,Spendthrift,Spendthrift,Spendthrift
USR-111,Halim Prasasta,1995-11-21,dr. Nabila Puspasari,Mahasiswa,3420000,Spendthrift,1,Spendthrift,Spendthrift,Spendthrift
USR-319,Ellis Haryanti,2006-10-18,Puji Thamrin,First Jobber,5820000,Unconflicted,0,Unconflicted,Unconflicted,Unconflicted
USR-429,R.M. Kusuma Manullang,1996-05-02,Malika Pradipta,Profesional,8520000,Spendthrift,1,Spendthrift,Spendthrift,Spendthrift
USR-030,Sutan Lanjar Prasetya,1990-07-04,"Siti Halim, S.H.",Mahasiswa,3460000,Spendthrift,0,Spendthrift,Spendthrift,Spendthrift
USR-438,drg. Lintang Nashiruddin,1999-02-19,H. Vega Yuliarti,Profesional,8630000,Spendthrift,0,Spendthrift,Spendthrift,Spendthrift
USR-472,"Hj. Ilsa Putra, M.TI.",2001-04-20,Pangeran Wijaya,Profesional,12400000,Unconflicted,0,Unconflicted,Unconflicted,Unconflicted
USR-027,Paris Sudiati,1997-12-29,Wisnu Namaga,Mahasiswa,2120000,Spendthrift,0,Spendthrift,Spendthrift,Spendthrift
USR-008,Yance Utami,2001-07-05,"dr. Ratih Nababan, S.Pt",Mahasiswa,3290000,Tightwad,0,Tightwad,Tightwad,Tightwad
USR-454,"KH. Bakiman Waskita, M.TI.",2003-11-15,"Kartika Hasanah, M.Kom.",Profesional,9740000,Spendthrift,0,Spendthrift,Spendthrift,Spendthrift
USR-109,Sutan Bakiadi Permadi,2003-05-04,Puti Permadi,Mahasiswa,2510000,Spendthrift,0,Spendthrift,Spendthrift,Spendthrift
USR-038,"Cut Cornelia Prakasa, S.E.",1997-09-10,Gabriella Wacana,Mahasiswa,2590000,Tightwad,0,Tightwad,Tightwad,Tightwad
USR-158,"Ir. Niyaga Januar, M.M.",1993-05-15,Ana Gunawan,Mahasiswa,2870000,Tightwad,0,Tightwad,Tightwad,Tightwad
USR-490,Karimah Winarno,2006-12-10,Wadi Firgantoro,Profesional,8860000,Unconflicted,1,Unconflicted,Unconflicted,Unconflicted
USR-119,Fitria Habibi,1994-12-03,"Dr. Calista Haryanto, S.Sos",Mahasiswa,2910000,Unconflicted,0,Unconflicted,Unconflicted,Unconflicted
USR-115,"Dr. Lembah Suryono, S.IP",2005-05-13,Ghaliyati Tarihoran,Mahasiswa,1670000,Spendthrift,0,Spendthrift,Spendthrift,Spendthrift
USR-176,"Hj. Kasiyah Kurniawan, S.H.",1998-11-11,Drs. Jane Suryatmi,Mahasiswa,3080000,Unconflicted,1,Unconflicted,Unconflicted,Unconflicted
USR-374,Tgk. Prayoga Suryono,1997-03-24,Ir. Gatot Samosir,First Jobber,5380000,Tightwad,0,Tightwad,Tightwad,Tightwad
USR-182,Ibun Handayani,2007-06-27,"dr. Cinthia Uwais, M.Pd",Mahasiswa,3280000,Unconflicted,0,Unconflicted,Unconflicted,Unconflicted
USR-145,Hesti Hasanah,2000-04-19,Fitriani Rahimah,Mahasiswa,2670000,Unconflicted,0,Unconflicted,Unconflicted,Unconflicted
USR-370,"dr. Cornelia Nasyiah, S.Kom",1991-04-21,Samiah Suartini,First Jobber,5680000,Tightwad,0,Tightwad,Tightwad,Tightwad
USR-391,Nardi Narpati,1991-11-12,"drg. Septi Sitompul, M.Farm",First Jobber,5430000,Tightwad,0,Tightwad,Tightwad,Tightwad
USR-196,"Tomi Puspasari, S.Kom",1998-02-12,Hendri Sirait,Mahasiswa,2200000,Tightwad,0,Tightwad,Tightwad,Tightwad
USR-405,"Tgk. Saka Winarno, S.Ked",1995-08-18,Victoria Hutasoit,Profesional,17500000,Tightwad,0,Tightwad,Tightwad,Tightwad
USR-276,Cut Rahmi Mangunsong,2002-08-07,Kasiyah Handayani,First Jobber,4630000,Unconflicted,0,Unconflicted,Unconflicted,Unconflicted
USR-455,Ratna Adriansyah,2006-01-07,"Puti Uchita Haryanti, S.I.Kom",Profesional,15630000,Spendthrift,0,Spendthrift,Spendthrift,Spendthrift
USR-142,"Lulut Permadi, S.E.",1995-12-21,Kusuma Wasita,Mahasiswa,2130000,Unconflicted,0,Unconflicted,Unconflicted,Unconflicted
USR-366,"Harjaya Novitasari, S.Psi",2002-11-29,Eka Salahudin,First Jobber,5550000,Tightwad,0,Tightwad,Tightwad,Tightwad
USR-068,Galih Astuti,1991-08-21,"Viman Sitompul, M.Ak",Mahasiswa,2130000,Spendthrift,1,Spendthrift,Spendthrift,Spendthrift
USR-211,Gangsar Astuti,1992-05-16,"Mustika Rahayu, M.Kom.",First Jobber,5740000,Spendthrift,0,Spendthrift,Spendthrift,Spendthrift
USR-169,"Bakti Utami, S.Gz",1995-12-09,Ami Prastuti,Mahasiswa,2900000,Spendthrift,0,Spendthrift,Spendthrift,Spendthrift
USR-494,Tomi Hastuti,2005-12-19,"T. Gamanto Irawan, M.Pd",Profesional,8420000,Unconflicted,0,Unconflicted,Unconflicted,Unconflicted
USR-376,"Tgk. Vinsen Putra, S.I.Kom",1996-01-04,Kardi Prasetya,First Jobber,5270000,Spendthrift,0,Spendthrift,Spendthrift,Spendthrift
USR-401,Embuh Mangunsong,1997-03-20,"Ir. Candra Wibisono, S.Psi",Profesional,15600000,Spendthrift,0,Spendthrift,Spendthrift,Spendthrift
USR-273,Suci Hakim,1991-09-23,"Halim Utama, M.TI.",First Jobber,5750000,Spendthrift,0,Spendthrift,Spendthrift,Spendthrift
USR-110,"Nabila Yuliarti, M.Kom.",1998-06-11,Bakiman Sihombing,Mahasiswa,2260000,Unconflicted,0,Unconflicted,Unconflicted,Unconflicted
USR-249,Warsita Prasetya,2005-01-28,Aisyah Agustina,First Jobber,5470000,Unconflicted,1,Unconflicted,Unconflicted,Unconflicted
USR-146,H. Tasnim Mansur,2005-12-05,Vera Agustina,Mahasiswa,2080000,Spendthrift,1,Spendthrift,Spendthrift,Spendthrift
USR-093,Umi Andriani,1994-12-01,Jarwadi Budiyanto,Mahasiswa,3500000,Unconflicted,0,Unconflicted,Unconflicted,Unconflicted
USR-153,Karsa Hasanah,1990-08-26,Hasan Yolanda,Mahasiswa,2610000,Unconflicted,0,Unconflicted,Unconflicted,Unconflicted
USR-368,Kanda Zulkarnain,2007-10-19,Dr. Cahyanto Wibisono,First Jobber,5470000,Tightwad,0,Tightwad,Tightwad,Tightwad
USR-468,Irnanto Tampubolon,2003-05-19,"Pangestu Maryadi, S.Farm",Profesional,14320000,Unconflicted,0,Unconflicted,Unconflicted,Unconflicted
USR-084,Harjo Mangunsong,2003-02-03,Heryanto Wasita,Mahasiswa,2870000,Unconflicted,1,Unconflicted,Unconflicted,Unconflicted
USR-246,"dr. Jefri Nuraini, S.Farm",2007-10-09,"R.A. Wani Suartini, S.E.I",First Jobber,5180000,Unconflicted,0,Unconflicted,Unconflicted,Unconflicted
USR-166,Radit Wahyuni,1997-07-02,Karya Hardiansyah,Mahasiswa,2570000,Tightwad,0,Tightwad,Tightwad,Tightwad
USR-164,"Hafshah Hasanah, S.Pd",1993-12-17,Zulaikha Laksmiwati,Mahasiswa,2540000,Unconflicted,0,Unconflicted,Unconflicted,Unconflicted
USR-200,"Banawi Zulkarnain, S.I.Kom",2006-02-06,"dr. Taswir Habibi, S.Pd",Mahasiswa,1700000,Spendthrift,0,Spendthrift,Spendthrift,Spendthrift
USR-229,Yessi Pertiwi,2002-02-09,Rahmi Kusmawati,First Jobber,4790000,Spendthrift,0,Spendthrift,Spendthrift,Spendthrift
USR-075,"Galak Prasetyo, S.Kom",1993-01-10,Dipa Kusmawati,Mahasiswa,1830000,Tightwad,0,Tightwad,Tightwad,Tightwad
USR-479,Cindy Melani,2006-12-15,"R.M. Kawaca Simbolon, S.Sos",Profesional,18490000,Spendthrift,0,Spendthrift,Spendthrift,Spendthrift
USR-359,Waluyo Kusumo,1990-12-15,"Hari Susanti, S.Ked",First Jobber,4670000,Spendthrift,0,Spendthrift,Spendthrift,Spendthrift
USR-251,Alambana Simanjuntak,2007-02-18,"Hj. Juli Maulana, S.E.I",First Jobber,5400000,Unconflicted,0,Unconflicted,Unconflicted,Unconflicted
USR-120,Belinda Permata,2001-09-15,Cakrawangsa Maryadi,Mahasiswa,1760000,Spendthrift,0,Spendthrift,Spendthrift,Spendthrift
USR-311,Tgk. Rika Sirait,1999-07-05,Dr. Jindra Pratiwi,First Jobber,5540000,Unconflicted,0,Unconflicted,Unconflicted,Unconflicted
USR-300,Kiandra Susanti,1997-11-26,"R. Yulia Simbolon, M.Farm",First Jobber,5690000,Tightwad,0,Tightwad,Tightwad,Tightwad
USR-256,"Dr. Rina Nasyiah, S.Ked",2001-10-02,R.A. Tina Megantara,First Jobber,5750000,Unconflicted,0,Unconflicted,Unconflicted,Unconflicted
USR-355,Cindy Zulaika,2007-09-25,"Drs. Diana Yolanda, S.I.Kom",First Jobber,5510000,Tightwad,1,Tightwad,Tightwad,Tightwad
USR-400,Prasetyo Safitri,1995-09-11,Nasab Hidayanto,First Jobber,5170000,Tightwad,0,Tightwad,Tightwad,Tightwad
USR-226,"T. Lantar Hakim, S.I.Kom",1999-07-05,Malika Hartati,First Jobber,4820000,Unconflicted,0,Unconflicted,Unconflicted,Unconflicted
USR-354,"Ir. Omar Yuliarti, S.Farm",1997-02-12,Melinda Waluyo,First Jobber,5170000,Unconflicted,0,Unconflicted,Unconflicted,Unconflicted
USR-235,Cindy Padmasari,2002-04-28,Ira Yolanda,First Jobber,5270000,Tightwad,0,Tightwad,Tightwad,Tightwad
USR-383,Bagas Maryadi,1990-07-17,drg. Hardi Halim,First Jobber,5400000,Spendthrift,0,Spendthrift,Spendthrift,Spendthrift
USR-275,Budi Hidayat,1994-08-16,"Ghani Tarihoran, S.Sos",First Jobber,5620000,Unconflicted,0,Unconflicted,Unconflicted,Unconflicted
USR-037,Taufan Hutagalung,1998-05-09,"Drs. Cinthia Hardiansyah, M.Pd",Mahasiswa,2870000,Unconflicted,0,Unconflicted,Unconflicted,Unconflicted
USR-197,"Dr. Lalita Agustina, S.IP",1996-01-02,Salwa Rajasa,Mahasiswa,2110000,Unconflicted,0,Unconflicted,Unconflicted,Unconflicted
USR-140,Dr. Sari Handayani,2004-01-21,Emas Pudjiastuti,Mahasiswa,3380000,Unconflicted,0,Unconflicted,Unconflicted,Unconflicted
USR-365,"Ellis Utami, S.Farm",2000-05-19,Gangsar Yuniar,First Jobber,5600000,Spendthrift,0,Spendthrift,Spendthrift,Spendthrift
USR-245,"R.A. Kartika Wastuti, M.Farm",2008-02-05,Vivi Suryono,First Jobber,5870000,Unconflicted,0,Unconflicted,Unconflicted,Unconflicted
USR-440,"Dr. Raina Habibi, S.I.Kom",2007-07-06,Diana Nababan,Profesional,18040000,Tightwad,0,Tightwad,Tightwad,Tightwad
USR-287,"Bagya Hartati, M.M.",2002-08-14,Dian Puspasari,First Jobber,4750000,Spendthrift,0,Spendthrift,Spendthrift,Spendthrift
USR-060,Okto Sitorus,2004-06-17,Wani Winarsih,Mahasiswa,2740000,Spendthrift,0,Spendthrift,Spendthrift,Spendthrift
USR-112,Tgk. Irwan Pudjiastuti,1996-04-30,"Mutia Saputra, S.Pd",Mahasiswa,3090000,Tightwad,0,Tightwad,Tightwad,Tightwad
USR-090,"Dr. Dian Oktaviani, M.Pd",1990-11-11,Rika Pratiwi,Mahasiswa,2740000,Unconflicted,0,Unconflicted,Unconflicted,Unconflicted
USR-437,Hardi Megantara,1999-07-28,Rina Mandala,Profesional,18670000,Unconflicted,0,Unconflicted,Unconflicted,Unconflicted
USR-007,"Michelle Nasyiah, S.IP",2007-11-23,Cindy Puspasari,Mahasiswa,2930000,Spendthrift,0,Spendthrift,Spendthrift,Spendthrift
USR-361,"Niyaga Hardiansyah, S.H.",2003-09-16,Maida Pradipta,First Jobber,5610000,Spendthrift,0,Spendthrift,Spendthrift,Spendthrift
USR-347,Aswani Pudjiastuti,2006-08-18,Kemal Nasyiah,First Jobber,4880000,Unconflicted,0,Unconflicted,Unconflicted,Unconflicted
USR-339,Adiarja Rajata,1997-04-13,Umi Santoso,First Jobber,5750000,Spendthrift,0,Spendthrift,Spendthrift,Spendthrift
USR-159,Wulan Hakim,1995-08-28,Mala Maulana,Mahasiswa,3390000,Tightwad,0,Tightwad,Tightwad,Tightwad
USR-151,"Yessi Wibowo, S.Sos",2008-03-02,"Ir. Cakrawangsa Lailasari, S.Gz",Mahasiswa,1790000,Unconflicted,0,Unconflicted,Unconflicted,Unconflicted
USR-178,"Hasan Latupono, S.E.I",1991-03-12,Gadang Lailasari,Mahasiswa,2070000,Spendthrift,1,Spendthrift,Spendthrift,Spendthrift
USR-394,"dr. Anita Pranowo, M.Farm",1992-12-21,"drg. Citra Salahudin, S.E.",First Jobber,5360000,Spendthrift,0,Spendthrift,Spendthrift,Spendthrift
USR-185,Budi Pratiwi,1994-01-26,"Drs. Fathonah Rahmawati, S.Kom",Mahasiswa,2060000,Spendthrift,0,Spendthrift,Spendthrift,Spendthrift
USR-450,Zamira Mulyani,2008-02-12,"Rahman Kuswoyo, S.E.I",Profesional,16160000,Unconflicted,0,Unconflicted,Unconflicted,Unconflicted
USR-011,Fathonah Winarsih,1995-03-08,"Marsudi Hidayanto, M.Ak",Mahasiswa,2370000,Unconflicted,0,Unconflicted,Unconflicted,Unconflicted
USR-381,Fitria Namaga,2008-03-15,Karna Firmansyah,First Jobber,4620000,Tightwad,0,Tightwad,Tightwad,Tightwad
USR-104,Elma Nurdiyanti,2007-10-03,Raisa Nasyiah,Mahasiswa,2950000,Spendthrift,0,Spendthrift,Spendthrift,Spendthrift
USR-082,Sari Permadi,1995-04-27,Nasab Suwarno,Mahasiswa,2530000,Tightwad,0,Tightwad,Tightwad,Tightwad
USR-039,Catur Wibowo,1990-06-01,Hani Hasanah,Mahasiswa,2060000,Spendthrift,0,Spendthrift,Spendthrift,Spendthrift
USR-315,"Najam Safitri, S.Sos",1993-01-13,"Dimaz Firmansyah, M.Farm",First Jobber,4720000,Unconflicted,0,Unconflicted,Unconflicted,Unconflicted
USR-168,Makara Nainggolan,2001-07-21,"Perkasa Wahyuni, S.E.I",Mahasiswa,3070000,Tightwad,0,Tightwad,Tightwad,Tightwad
USR-470,drg. Kamaria Aryani,1996-01-14,Dirja Saefullah,Profesional,16200000,Spendthrift,1,Spendthrift,Spendthrift,Spendthrift
USR-297,Ganep Sudiati,1992-12-17,"dr. Uchita Situmorang, S.Sos",First Jobber,5180000,Spendthrift,1,Spendthrift,Spendthrift,Spendthrift
USR-475,Harsanto Purnawati,1997-12-14,Ir. Cawuk Halimah,Profesional,9070000,Spendthrift,0,Spendthrift,Spendthrift,Spendthrift
USR-199,"Ulya Wahyudin, S.E.I",2000-05-23,Drs. Putri Sitompul,Mahasiswa,2350000,Unconflicted,0,Unconflicted,Unconflicted,Unconflicted
USR-298,Prabawa Uwais,1999-08-24,Galuh Permadi,First Jobber,4920000,Unconflicted,0,Unconflicted,Unconflicted,Unconflicted
USR-417,"Puti Yuliana Wasita, M.Kom.",1992-11-18,Halima Ramadan,Profesional,15520000,Tightwad,0,Tightwad,Tightwad,Tightwad
USR-147,Winda Mayasari,1995-03-09,Eko Salahudin,Mahasiswa,1990000,Unconflicted,0,Unconflicted,Unconflicted,Unconflicted
USR-393,Mahdi Setiawan,2006-07-25,Hj. Ami Nugroho,First Jobber,5730000,Unconflicted,0,Unconflicted,Unconflicted,Unconflicted
USR-148,"Ir. Ratna Wahyuni, M.Kom.",2005-12-14,Paulin Laksmiwati,Mahasiswa,1670000,Unconflicted,0,Unconflicted,Unconflicted,Unconflicted
USR-448,R. Violet Putra,2005-01-07,"Dt. Kairav Tampubolon, M.Pd",Profesional,16800000,Unconflicted,0,Unconflicted,Unconflicted,Unconflicted
USR-288,"Langgeng Najmudin, S.E.I",1998-03-01,"Cut Yance Maheswara, M.TI.",First Jobber,5170000,Tightwad,1,Tightwad,Tightwad,Tightwad
USR-124,Lurhur Januar,2007-06-08,Luis Prabowo,Mahasiswa,3120000,Unconflicted,0,Unconflicted,Unconflicted,Unconflicted
USR-369,Dodo Putra,1996-04-27,Virman Hartati,First Jobber,5770000,Tightwad,1,Tightwad,Tightwad,Tightwad
USR-097,Tira Rajasa,2004-03-07,Luluh Sudiati,Mahasiswa,1640000,Tightwad,0,Tightwad,Tightwad,Tightwad
USR-144,Tina Siregar,1999-07-15,Lidya Laksmiwati,Mahasiswa,1590000,Unconflicted,0,Unconflicted,Unconflicted,Unconflicted
USR-240,Zulfa Januar,1999-07-08,H. Tasdik Novitasari,First Jobber,5750000,Spendthrift,0,Spendthrift,Spendthrift,Spendthrift
USR-443,Genta Nasyiah,1995-07-29,"drg. Karya Lailasari, M.Pd",Profesional,19980000,Tightwad,0,Tightwad,Tightwad,Tightwad
USR-098,"Tina Latupono, S.E.",2007-09-29,Labuh Dongoran,Mahasiswa,1650000,Tightwad,0,Tightwad,Tightwad,Tightwad
USR-408,Lili Salahudin,1999-02-03,Gatra Ramadan,Profesional,10370000,Spendthrift,0,Spendthrift,Spendthrift,Spendthrift
USR-123,Zelda Rahmawati,2008-03-13,Qori Safitri,Mahasiswa,3330000,Unconflicted,0,Unconflicted,Unconflicted,Unconflicted
USR-184,Mujur Prabowo,2001-12-05,Cut Alika Sitorus,Mahasiswa,1510000,Spendthrift,0,Spendthrift,Spendthrift,Spendthrift
USR-203,R.A. Yani Aryani,2005-08-03,"Drs. Luwes Wulandari, M.Pd",First Jobber,5340000,Tightwad,0,Tightwad,Tightwad,Tightwad
USR-247,"Tgk. Anastasia Yuniar, M.Kom.",2006-02-10,R. Narji Maryati,First Jobber,4720000,Unconflicted,0,Unconflicted,Unconflicted,Unconflicted
USR-306,Gilang Puspasari,1995-07-28,Ophelia Hartati,First Jobber,5180000,Tightwad,1,Tightwad,Tightwad,Tightwad
USR-299,Dewi Santoso,1998-06-21,Bakti Hardiansyah,First Jobber,5950000,Unconflicted,0,Unconflicted,Unconflicted,Unconflicted
USR-352,Arsipatra Anggraini,1996-07-30,Kemba Halim,First Jobber,5540000,Tightwad,0,Tightwad,Tightwad,Tightwad
USR-387,R.M. Dimas Nababan,2001-07-14,Yulia Thamrin,First Jobber,4580000,Tightwad,0,Tightwad,Tightwad,Tightwad
USR-396,"H. Nyoman Hutapea, M.TI.",2003-10-18,Anastasia Januar,First Jobber,5070000,Tightwad,0,Tightwad,Tightwad,Tightwad
USR-285,Luwar Irawan,1991-07-24,Tina Kuswandari,First Jobber,5590000,Unconflicted,0,Unconflicted,Unconflicted,Unconflicted
USR-126,Ade Wasita,1998-06-27,Dr. Icha Firmansyah,Mahasiswa,2580000,Unconflicted,1,Unconflicted,Unconflicted,Unconflicted
USR-303,dr. Alika Hardiansyah,1995-06-10,Hj. Samiah Halimah,First Jobber,4600000,Unconflicted,0,Unconflicted,Unconflicted,Unconflicted
USR-224,"Drs. Ikin Zulaika, M.Farm",2001-12-13,dr. Zelaya Utami,First Jobber,4570000,Spendthrift,0,Spendthrift,Spendthrift,Spendthrift
USR-419,Dr. Virman Andriani,2000-02-29,"Tgk. Nardi Nasyiah, M.Ak",Profesional,11880000,Spendthrift,0,Spendthrift,Spendthrift,Spendthrift
USR-220,"Jessica Prasetya, S.Psi",2004-05-26,Kajen Usada,First Jobber,5570000,Unconflicted,0,Unconflicted,Unconflicted,Unconflicted
USR-130,"T. Legawa Purnawati, S.Pd",1998-04-13,Shakila Sihombing,Mahasiswa,1520000,Spendthrift,1,Spendthrift,Spendthrift,Spendthrift
USR-421,"Luwar Gunawan, M.Farm",2008-01-31,"Marsudi Wacana, S.Psi",Profesional,8430000,Spendthrift,0,Spendthrift,Spendthrift,Spendthrift
USR-290,Zulfa Hutapea,1994-11-20,"Yahya Puspasari, S.T.",First Jobber,4900000,Spendthrift,0,Spendthrift,Spendthrift,Spendthrift
USR-445,"H. Irnanto Palastri, S.Kom",2008-03-11,Oman Yolanda,Profesional,17290000,Tightwad,0,Tightwad,Tightwad,Tightwad
USR-377,"Dalima Budiyanto, S.T.",2000-05-03,Ir. Tantri Agustina,First Jobber,5730000,Spendthrift,0,Spendthrift,Spendthrift,Spendthrift
USR-292,Lega Prastuti,1993-02-24,"Leo Suartini, S.Psi",First Jobber,5230000,Tightwad,0,Tightwad,Tightwad,Tightwad
USR-356,Cemani Nasyiah,1997-06-14,Ozy Prasetyo,First Jobber,5340000,Tightwad,0,Tightwad,Tightwad,Tightwad
USR-295,T. Maras Sihombing,1999-01-26,"KH. Mahdi Waskita, S.Pd",First Jobber,5000000,Unconflicted,1,Unconflicted,Unconflicted,Unconflicted
USR-397,Gina Hutagalung,1996-07-04,"Drs. Xanana Riyanti, S.Sos",First Jobber,5510000,Tightwad,0,Tightwad,Tightwad,Tightwad
USR-341,Talia Prakasa,1991-06-30,Jaka Samosir,First Jobber,5890000,Unconflicted,0,Unconflicted,Unconflicted,Unconflicted
USR-113,Gina Lazuardi,2003-05-12,Devi Nasyiah,Mahasiswa,1680000,Tightwad,0,Tightwad,Tightwad,Tightwad
USR-180,Salsabila Namaga,1997-12-02,"Titi Mangunsong, S.Farm",Mahasiswa,3060000,Spendthrift,0,Spendthrift,Spendthrift,Spendthrift
USR-308,"Tgk. Kalim Utama, S.E.I",1993-12-16,dr. Jais Gunarto,First Jobber,5630000,Unconflicted,0,Unconflicted,Unconflicted,Unconflicted
USR-433,Jagapati Latupono,1995-02-05,"Dr. Paris Uyainah, S.Psi",Profesional,9300000,Unconflicted,0,Unconflicted,Unconflicted,Unconflicted
USR-488,Vera Jailani,2006-06-22,"Nyoman Latupono, S.H.",Profesional,12710000,Tightwad,0,Tightwad,Tightwad,Tightwad
USR-482,Ir. Amelia Saragih,2002-05-14,"Opung Natsir, S.IP",Profesional,8930000,Spendthrift,0,Spendthrift,Spendthrift,Spendthrift
USR-423,Ir. Gawati Hassanah,1997-02-09,Vera Wastuti,Profesional,12200000,Spendthrift,0,Spendthrift,Spendthrift,Spendthrift
USR-234,Intan Ramadan,2003-05-28,"Yoga Suartini, S.E.I",First Jobber,5120000,Spendthrift,0,Spendthrift,Spendthrift,Spendthrift
USR-312,Nabila Budiyanto,1997-01-02,"Balapati Agustina, M.Farm",First Jobber,4760000,Spendthrift,0,Spendthrift,Spendthrift,Spendthrift
USR-165,Dasa Wibowo,2000-09-02,Tgk. Tira Sihombing,Mahasiswa,2250000,Tightwad,1,Tightwad,Tightwad,Tightwad
USR-137,"Nilam Suwarno, S.Sos",2005-01-08,Dt. Jaeman Irawan,Mahasiswa,2540000,Tightwad,0,Tightwad,Tightwad,Tightwad
USR-198,Eva Kusmawati,1991-08-02,"Puti Cornelia Astuti, S.IP",Mahasiswa,3320000,Unconflicted,0,Unconflicted,Unconflicted,Unconflicted
USR-259,Dr. Panji Mayasari,2000-05-08,Nadine Gunawan,First Jobber,5440000,Unconflicted,0,Unconflicted,Unconflicted,Unconflicted
USR-233,"Liman Habibi, S.Psi",1991-07-25,Kalim Wastuti,First Jobber,5000000,Spendthrift,0,Spendthrift,Spendthrift,Spendthrift
USR-116,Gada Budiman,2003-02-14,Endra Gunawan,Mahasiswa,1900000,Unconflicted,0,Unconflicted,Unconflicted,Unconflicted
USR-121,"Drs. Warta Sihombing, S.Pt",2008-04-08,Kalim Agustina,Mahasiswa,1770000,Tightwad,0,Tightwad,Tightwad,Tightwad
USR-350,Diah Mulyani,1997-11-08,Cut Putri Hariyah,First Jobber,5620000,Spendthrift,0,Spendthrift,Spendthrift,Spendthrift
USR-225,Eka Farida,1991-08-09,Siti Sihombing,First Jobber,4550000,Tightwad,0,Tightwad,Tightwad,Tightwad
USR-403,"T. Baktiono Mustofa, S.Pt",1993-10-01,Puti Puspita,Profesional,19490000,Unconflicted,0,Unconflicted,Unconflicted,Unconflicted
USR-398,"Tgk. Among Usada, S.T.",2004-06-24,Nurul Pradana,First Jobber,5510000,Spendthrift,0,Spendthrift,Spendthrift,Spendthrift
USR-128,Winda Utami,2000-12-28,"Sutan Irwan Latupono, M.Pd",Mahasiswa,2170000,Spendthrift,0,Spendthrift,Spendthrift,Spendthrift
USR-286,dr. Pranawa Wasita,2005-03-13,Budi Simanjuntak,First Jobber,4650000,Tightwad,0,Tightwad,Tightwad,Tightwad
USR-412,R. Ifa Sinaga,2001-03-27,"Farah Kuswandari, S.Psi",Profesional,11160000,Unconflicted,0,Unconflicted,Unconflicted,Unconflicted
USR-108,Indah Riyanti,2002-12-31,Puti Anggriawan,Mahasiswa,3330000,Unconflicted,0,Unconflicted,Unconflicted,Unconflicted
USR-371,Cut Belinda Nainggolan,2004-11-10,Hj. Putri Pratama,First Jobber,5150000,Tightwad,1,Tightwad,Tightwad,Tightwad
USR-326,"Humaira Mandala, S.IP",2001-06-17,R.A. Hesti Hardiansyah,First Jobber,4730000,Spendthrift,0,Spendthrift,Spendthrift,Spendthrift
USR-134,"Tgk. Ratih Gunarto, S.E.",1998-11-05,"Ilyas Setiawan, S.E.",Mahasiswa,2430000,Spendthrift,0,Spendthrift,Spendthrift,Spendthrift
USR-453,Hj. Hasna Utami,1997-10-31,Citra Usada,Profesional,17710000,Spendthrift,1,Spendthrift,Spendthrift,Spendthrift
USR-045,Sakura Padmasari,2000-07-20,Hana Putra,Mahasiswa,2910000,Spendthrift,0,Spendthrift,Spendthrift,Spendthrift
USR-461,Marwata Tarihoran,1994-11-19,Salwa Yulianti,Profesional,11160000,Tightwad,0,Tightwad,Tightwad,Tightwad
USR-066,Rachel Melani,1992-06-16,R.A. Hamima Gunawan,Mahasiswa,2520000,Tightwad,0,Tightwad,Tightwad,Tightwad
USR-284,"R.M. Dasa Lailasari, S.Ked",1996-11-14,dr. Nadia Puspasari,First Jobber,5630000,Unconflicted,0,Unconflicted,Unconflicted,Unconflicted
USR-086,Vera Padmasari,2007-05-29,Sabri Permata,Mahasiswa,1690000,Unconflicted,0,Unconflicted,Unconflicted,Unconflicted
USR-243,Hendra Utama,2002-07-21,Ibun Suryatmi,First Jobber,4950000,Tightwad,0,Tightwad,Tightwad,Tightwad
USR-187,"R.M. Balapati Wijayanti, S.Ked",1992-09-30,Widya Prakasa,Mahasiswa,2920000,Spendthrift,0,Spendthrift,Spendthrift,Spendthrift
USR-384,Hj. Salwa Susanti,2006-10-22,"Jinawi Budiyanto, S.Ked",First Jobber,5140000,Tightwad,0,Tightwad,Tightwad,Tightwad
USR-160,Karta Zulkarnain,2000-07-24,"R.M. Cawisono Natsir, S.Pt",Mahasiswa,2430000,Unconflicted,1,Unconflicted,Unconflicted,Unconflicted
USR-013,"Puti Prasetya, S.Psi",2005-07-19,"Dt. Dartono Firmansyah, S.Psi",Mahasiswa,2470000,Spendthrift,0,Spendthrift,Spendthrift,Spendthrift
USR-036,Kawaca Hassanah,1992-11-24,Estiawan Hariyah,Mahasiswa,1850000,Spendthrift,0,Spendthrift,Spendthrift,Spendthrift
USR-029,drg. Banawa Prayoga,1994-06-03,Ayu Rahmawati,Mahasiswa,2060000,Tightwad,0,Tightwad,Tightwad,Tightwad
USR-171,Daliono Mustofa,2004-07-14,Paris Mardhiyah,Mahasiswa,3050000,Tightwad,0,Tightwad,Tightwad,Tightwad
USR-143,Darmanto Latupono,1998-09-07,Marsudi Mangunsong,Mahasiswa,3290000,Spendthrift,0,Spendthrift,Spendthrift,Spendthrift
USR-399,Puspa Waluyo,1998-02-24,"Lanang Wijayanti, S.Sos",First Jobber,4810000,Unconflicted,0,Unconflicted,Unconflicted,Unconflicted
USR-343,"Vero Sihombing, S.I.Kom",2001-06-10,Yusuf Mansur,First Jobber,5110000,Tightwad,0,Tightwad,Tightwad,Tightwad
USR-222,Baktiono Maulana,1994-12-25,Luhung Mangunsong,First Jobber,4630000,Unconflicted,0,Unconflicted,Unconflicted,Unconflicted
USR-096,R. Halima Mahendra,1998-11-25,Kardi Pratama,Mahasiswa,1890000,Spendthrift,0,Spendthrift,Spendthrift,Spendthrift
USR-052,Rahmi Pranowo,2003-04-18,Mahfud Usada,Mahasiswa,1770000,Tightwad,0,Tightwad,Tightwad,Tightwad
USR-241,Mitra Sirait,2006-02-25,R. Rina Waluyo,First Jobber,5420000,Tightwad,0,Tightwad,Tightwad,Tightwad
USR-485,"Devi Dabukke, S.Psi",2004-11-26,Paramita Haryanto,Profesional,13920000,Unconflicted,1,Unconflicted,Unconflicted,Unconflicted
USR-379,Pia Yolanda,2007-05-12,Hamima Lestari,First Jobber,5250000,Spendthrift,0,Spendthrift,Spendthrift,Spendthrift
USR-179,Bakti Prakasa,2006-05-07,Harsanto Hasanah,Mahasiswa,1610000,Spendthrift,0,Spendthrift,Spendthrift,Spendthrift
USR-042,Asirwanda Padmasari,1998-12-16,"Drs. Endah Hakim, M.TI.",Mahasiswa,3240000,Unconflicted,0,Unconflicted,Unconflicted,Unconflicted
USR-499,Zizi Samosir,1992-03-31,Sutan Hari Lestari,Profesional,14350000,Tightwad,0,Tightwad,Tightwad,Tightwad
USR-422,"dr. Balamantri Anggriawan, S.IP",1995-01-13,H. Karja Puspita,Profesional,12980000,Spendthrift,0,Spendthrift,Spendthrift,Spendthrift
USR-207,"Paris Pratama, S.Sos",1997-12-07,Endah Uwais,First Jobber,4510000,Unconflicted,0,Unconflicted,Unconflicted,Unconflicted
USR-283,"Titin Uyainah, S.E.",2004-08-30,Sutan Banawi Pangestu,First Jobber,5070000,Tightwad,0,Tightwad,Tightwad,Tightwad
USR-255,Digdaya Andriani,2001-11-17,Dr. Bella Kusumo,First Jobber,5110000,Tightwad,0,Tightwad,Tightwad,Tightwad
USR-413,Yoga Widodo,2007-10-25,Unjani Usada,Profesional,18020000,Tightwad,0,Tightwad,Tightwad,Tightwad
USR-005,"KH. Capa Anggraini, S.Psi",1995-05-19,Yusuf Sirait,Mahasiswa,1580000,Spendthrift,1,Spendthrift,Spendthrift,Spendthrift
USR-257,Maria Adriansyah,2001-06-11,Kenzie Agustina,First Jobber,4730000,Unconflicted,0,Unconflicted,Unconflicted,Unconflicted
USR-449,Rina Nasyiah,1993-05-29,"Icha Siregar, M.Farm",Profesional,16470000,Unconflicted,0,Unconflicted,Unconflicted,Unconflicted
USR-101,"R. Raden Pratiwi, S.Gz",1996-08-16,Salimah Uwais,Mahasiswa,2800000,Spendthrift,0,Spendthrift,Spendthrift,Spendthrift
USR-227,Asmianto Uwais,2005-05-07,Mariadi Iswahyudi,First Jobber,5940000,Spendthrift,0,Spendthrift,Spendthrift,Spendthrift
USR-430,"dr. Lasmono Nashiruddin, S.E.",2001-11-27,Lala Dabukke,Profesional,12870000,Tightwad,0,Tightwad,Tightwad,Tightwad
USR-214,Jamal Astuti,1993-07-16,Patricia Pradana,First Jobber,5860000,Spendthrift,0,Spendthrift,Spendthrift,Spendthrift
USR-172,Yance Marbun,1995-01-01,"Dr. Yani Sihombing, S.Psi",Mahasiswa,2630000,Unconflicted,0,Unconflicted,Unconflicted,Unconflicted
USR-099,Ratih Wastuti,2006-09-21,Lala Napitupulu,Mahasiswa,1620000,Tightwad,0,Tightwad,Tightwad,Tightwad
USR-293,"Ir. Azalea Dabukke, S.Pt",1991-03-12,"Prasetya Permata, S.T.",First Jobber,5660000,Spendthrift,0,Spendthrift,Spendthrift,Spendthrift
USR-216,Anita Haryanti,2006-12-16,"dr. Ratih Aryani, M.Farm",First Jobber,5590000,Spendthrift,0,Spendthrift,Spendthrift,Spendthrift
USR-062,Daliono Haryanti,1996-09-02,"R.A. Genta Dongoran, S.Kom",Mahasiswa,2710000,Tightwad,0,Tightwad,Tightwad,Tightwad
USR-048,Ir. Cinthia Hidayanto,2000-01-20,T. Cahyadi Tampubolon,Mahasiswa,2370000,Spendthrift,0,Spendthrift,Spendthrift,Spendthrift
USR-033,Dr. Hesti Kusmawati,2004-11-29,Bakiono Kuswoyo,Mahasiswa,2950000,Tightwad,0,Tightwad,Tightwad,Tightwad
USR-268,Jessica Nashiruddin,1999-04-23,Kartika Maryati,First Jobber,4750000,Spendthrift,0,Spendthrift,Spendthrift,Spendthrift
USR-328,Tina Halimah,1992-03-09,"R.M. Adhiarja Pudjiastuti, S.E.",First Jobber,4890000,Unconflicted,0,Unconflicted,Unconflicted,Unconflicted
USR-201,Tgk. Kamila Jailani,2000-10-11,Chandra Wahyuni,First Jobber,5480000,Tightwad,0,Tightwad,Tightwad,Tightwad
USR-447,Rosman Rahmawati,2002-10-13,"Ir. Siti Aryani, S.E.",Profesional,19290000,Tightwad,0,Tightwad,Tightwad,Tightwad
USR-028,"H. Muhammad Pangestu, S.Pd",1997-07-23,"Martaka Wahyudin, M.M.",Mahasiswa,2190000,Tightwad,0,Tightwad,Tightwad,Tightwad
USR-425,Chelsea Latupono,2005-05-04,"Dinda Tampubolon, S.Pd",Profesional,12770000,Unconflicted,0,Unconflicted,Unconflicted,Unconflicted
USR-231,"Cawuk Gunarto, S.H.",2003-02-11,Paramita Nurdiyanti,First Jobber,5290000,Tightwad,0,Tightwad,Tightwad,Tightwad
USR-261,Halima Wahyuni,2001-09-07,"Drs. Oman Sitorus, S.E.I",First Jobber,5900000,Unconflicted,0,Unconflicted,Unconflicted,Unconflicted
USR-289,Gadang Marbun,1993-04-16,"Genta Situmorang, M.TI.",First Jobber,5110000,Spendthrift,0,Spendthrift,Spendthrift,Spendthrift
USR-163,Bagya Handayani,2007-05-23,Tgk. Suci Anggraini,Mahasiswa,2260000,Tightwad,0,Tightwad,Tightwad,Tightwad
USR-426,Mutia Putra,1999-10-04,Nabila Kuswoyo,Profesional,8050000,Unconflicted,0,Unconflicted,Unconflicted,Unconflicted
USR-139,"Tedi Namaga, M.M.",1997-10-25,Karja Tarihoran,Mahasiswa,1950000,Unconflicted,1,Unconflicted,Unconflicted,Unconflicted
USR-063,Julia Setiawan,2005-12-08,"T. Gara Yuniar, M.TI.",Mahasiswa,2850000,Tightwad,0,Tightwad,Tightwad,Tightwad
USR-136,Janet Winarsih,1992-04-04,Gambira Zulkarnain,Mahasiswa,1760000,Unconflicted,0,Unconflicted,Unconflicted,Unconflicted
USR-129,Marsudi Maryadi,2006-09-23,"R. Belinda Halim, S.E.",Mahasiswa,2910000,Tightwad,0,Tightwad,Tightwad,Tightwad
USR-477,"dr. Jono Suwarno, M.TI.",2004-03-08,Tira Wacana,Profesional,17070000,Tightwad,0,Tightwad,Tightwad,Tightwad
USR-009,Mitra Pradana,2004-04-16,Sabar Pradipta,Mahasiswa,2640000,Tightwad,0,Tightwad,Tightwad,Tightwad
USR-327,"Utama Nuraini, S.H.",2001-11-10,Baktianto Zulkarnain,First Jobber,4790000,Unconflicted,0,Unconflicted,Unconflicted,Unconflicted
USR-464,Karja Zulaika,1998-05-22,Mursinin Siregar,Profesional,19750000,Spendthrift,0,Spendthrift,Spendthrift,Spendthrift
USR-065,Laksana Saptono,1991-01-24,drg. Jelita Sihotang,Mahasiswa,3260000,Spendthrift,0,Spendthrift,Spendthrift,Spendthrift
USR-301,"Iriana Nainggolan, S.E.",1999-05-07,drg. Jamil Samosir,First Jobber,5530000,Unconflicted,0,Unconflicted,Unconflicted,Unconflicted
USR-015,Lala Yuniar,1998-08-20,Dina Prayoga,Mahasiswa,1610000,Tightwad,0,Tightwad,Tightwad,Tightwad
USR-157,Laswi Suwarno,2008-05-01,"Cornelia Fujiati, S.IP",Mahasiswa,3310000,Unconflicted,1,Unconflicted,Unconflicted,Unconflicted
USR-041,Gasti Hakim,2000-10-20,Dt. Pangeran Sihotang,Mahasiswa,1890000,Tightwad,0,Tightwad,Tightwad,Tightwad
USR-380,"Syahrini Lestari, M.M.",1993-05-28,"Tgk. Cawisadi Mandala, M.Pd",First Jobber,5510000,Unconflicted,1,Unconflicted,Unconflicted,Unconflicted
USR-469,Hj. Maimunah Pratama,1991-12-08,Cahyono Maheswara,Profesional,11710000,Spendthrift,0,Spendthrift,Spendthrift,Spendthrift
USR-404,dr. Baktiono Dongoran,1991-12-28,R. Lembah Rahimah,Profesional,12530000,Tightwad,1,Tightwad,Tightwad,Tightwad
USR-217,Titin Uyainah,1997-11-23,Halim Damanik,First Jobber,4960000,Spendthrift,0,Spendthrift,Spendthrift,Spendthrift
USR-280,Luwar Suwarno,2002-11-13,Farah Maheswara,First Jobber,5940000,Unconflicted,1,Unconflicted,Unconflicted,Unconflicted
USR-435,R. Yulia Wulandari,2003-01-31,Raisa Rahayu,Profesional,17250000,Tightwad,0,Tightwad,Tightwad,Tightwad
USR-431,"Raisa Napitupulu, M.M.",2001-01-13,Agnes Prabowo,Profesional,11560000,Unconflicted,1,Unconflicted,Unconflicted,Unconflicted
USR-338,Salsabila Kuswoyo,1993-09-13,Jati Sinaga,First Jobber,6000000,Tightwad,0,Tightwad,Tightwad,Tightwad
USR-237,Syahrini Sitompul,2005-01-05,"Nardi Novitasari, S.Pt",First Jobber,5380000,Tightwad,0,Tightwad,Tightwad,Tightwad
USR-208,Tantri Simbolon,2004-05-11,Ir. Chelsea Habibi,First Jobber,5490000,Unconflicted,0,Unconflicted,Unconflicted,Unconflicted
USR-213,Gabriella Mandala,2004-02-18,Jane Lazuardi,First Jobber,5690000,Spendthrift,0,Spendthrift,Spendthrift,Spendthrift
USR-296,Belinda Halim,1993-03-22,Novi Hariyah,First Jobber,5070000,Tightwad,1,Tightwad,Tightwad,Tightwad
USR-458,Karya Laksita,2004-07-26,"Prabowo Hardiansyah, S.Gz",Profesional,16660000,Tightwad,1,Tightwad,Tightwad,Tightwad
USR-252,Edison Halimah,2002-11-27,Prabu Halimah,First Jobber,5200000,Tightwad,1,Tightwad,Tightwad,Tightwad
USR-489,"Oni Adriansyah, S.Gz",2005-10-31,Dipa Gunawan,Profesional,15250000,Spendthrift,0,Spendthrift,Spendthrift,Spendthrift
USR-487,Amelia Mandasari,2005-11-05,Gading Manullang,Profesional,10640000,Unconflicted,0,Unconflicted,Unconflicted,Unconflicted
USR-304,Paulin Anggriawan,2005-08-17,Diana Saptono,First Jobber,5140000,Spendthrift,1,Spendthrift,Spendthrift,Spendthrift
USR-351,"Respati Samosir, S.Ked",1997-07-03,"Cut Uli Pratama, M.Farm",First Jobber,5660000,Spendthrift,0,Spendthrift,Spendthrift,Spendthrift
USR-270,"R. Puji Sihombing, S.Psi",1992-03-22,Salimah Sihombing,First Jobber,5860000,Spendthrift,0,Spendthrift,Spendthrift,Spendthrift
USR-202,Genta Kurniawan,1996-09-04,Tgk. Balijan Setiawan,First Jobber,5040000,Spendthrift,0,Spendthrift,Spendthrift,Spendthrift
USR-162,"Dodo Haryanti, S.T.",2002-05-19,"drg. Umay Suwarno, M.Pd",Mahasiswa,3190000,Spendthrift,0,Spendthrift,Spendthrift,Spendthrift
USR-044,Devi Purnawati,1994-10-22,Cut Raina Hutapea,Mahasiswa,2690000,Tightwad,0,Tightwad,Tightwad,Tightwad
USR-218,Ella Safitri,1998-08-29,"Karen Irawan, S.Farm",First Jobber,5330000,Spendthrift,0,Spendthrift,Spendthrift,Spendthrift
USR-402,Cici Iswahyudi,1990-06-21,Maimunah Tarihoran,Profesional,17650000,Spendthrift,0,Spendthrift,Spendthrift,Spendthrift
USR-191,T. Jagapati Yuniar,2007-09-24,Jatmiko Wacana,Mahasiswa,3430000,Unconflicted,0,Unconflicted,Unconflicted,Unconflicted
USR-310,Drs. Dina Simbolon,2007-02-21,Elisa Wijaya,First Jobber,5750000,Spendthrift,0,Spendthrift,Spendthrift,Spendthrift
USR-260,"Harsanto Wahyudin, S.T.",2003-10-30,Winda Hidayat,First Jobber,5380000,Unconflicted,0,Unconflicted,Unconflicted,Unconflicted
USR-106,Hesti Hariyah,2000-08-19,"Harjasa Sirait, S.Ked",Mahasiswa,3180000,Tightwad,0,Tightwad,Tightwad,Tightwad
USR-054,"Tgk. Aurora Adriansyah, S.Psi",2004-04-04,"Eluh Marpaung, M.M.",Mahasiswa,1890000,Unconflicted,0,Unconflicted,Unconflicted,Unconflicted
USR-390,Halim Wibowo,1997-03-01,Amelia Uyainah,First Jobber,5010000,Spendthrift,0,Spendthrift,Spendthrift,Spendthrift
USR-002,"Opung Palastri, S.Pt",2001-01-02,Among Iswahyudi,Mahasiswa,2200000,Spendthrift,0,Spendthrift,Spendthrift,Spendthrift
USR-442,Eli Hutasoit,2000-07-21,"KH. Darmaji Siregar, S.Gz",Profesional,11030000,Spendthrift,1,Spendthrift,Spendthrift,Spendthrift
USR-483,Nugraha Mandala,2003-01-02,Jamal Situmorang,Profesional,9120000,Spendthrift,0,Spendthrift,Spendthrift,Spendthrift
USR-050,"Ilsa Suryatmi, M.TI.",1990-07-08,"Drs. Ifa Wijayanti, S.IP",Mahasiswa,3340000,Tightwad,0,Tightwad,Tightwad,Tightwad
USR-420,"Vinsen Hutasoit, S.IP",2004-03-20,"Mulya Thamrin, S.E.",Profesional,17310000,Spendthrift,0,Spendthrift,Spendthrift,Spendthrift
USR-081,Hana Prayoga,2005-06-30,Vivi Nurdiyanti,Mahasiswa,3170000,Tightwad,1,Tightwad,Tightwad,Tightwad
USR-206,"R. Padmi Wahyuni, S.Sos",1991-08-18,"Siska Dabukke, S.Pt",First Jobber,4550000,Tightwad,0,Tightwad,Tightwad,Tightwad
USR-035,Hadi Sirait,2004-10-14,Drajat Nababan,Mahasiswa,3140000,Unconflicted,1,Unconflicted,Unconflicted,Unconflicted
USR-264,Artawan Pangestu,2006-04-28,Ira Mulyani,First Jobber,5300000,Spendthrift,0,Spendthrift,Spendthrift,Spendthrift
USR-428,Samsul Siregar,2002-01-15,"Raharja Marbun, S.H.",Profesional,11570000,Spendthrift,0,Spendthrift,Spendthrift,Spendthrift
USR-367,Fitria Nasyiah,1998-11-25,"R.A. Ifa Megantara, M.M.",First Jobber,4960000,Spendthrift,0,Spendthrift,Spendthrift,Spendthrift
USR-092,Kezia Simbolon,1994-03-09,Jessica Wibowo,Mahasiswa,1500000,Unconflicted,0,Unconflicted,Unconflicted,Unconflicted
USR-340,Ilsa Padmasari,2003-05-22,Elon Yolanda,First Jobber,5730000,Unconflicted,0,Unconflicted,Unconflicted,Unconflicted
USR-474,Jamil Uyainah,2001-01-25,Dt. Gatra Simanjuntak,Profesional,14640000,Tightwad,0,Tightwad,Tightwad,Tightwad
USR-053,"Tgk. Ophelia Lestari, S.T.",2006-09-03,"Cut Cornelia Usada, S.Farm",Mahasiswa,3130000,Tightwad,0,Tightwad,Tightwad,Tightwad
USR-346,"Puti Paramita Hassanah, M.TI.",2003-01-17,Vero Pratiwi,First Jobber,5470000,Unconflicted,0,Unconflicted,Unconflicted,Unconflicted
USR-265,Yulia Palastri,1998-11-24,Parman Yuliarti,First Jobber,4970000,Spendthrift,0,Spendthrift,Spendthrift,Spendthrift
USR-242,Carub Najmudin,2005-05-05,"Drs. Rusman Marbun, M.M.",First Jobber,5670000,Tightwad,0,Tightwad,Tightwad,Tightwad
USR-014,Hasna Haryanto,1994-03-05,dr. Gabriella Yolanda,Mahasiswa,2380000,Tightwad,0,Tightwad,Tightwad,Tightwad
USR-316,"Carla Nainggolan, S.Ked",1998-04-25,Eka Zulkarnain,First Jobber,4790000,Unconflicted,0,Unconflicted,Unconflicted,Unconflicted
USR-089,Nova Dabukke,1997-05-17,"Mustika Waskita, S.E.",Mahasiswa,3420000,Spendthrift,0,Spendthrift,Spendthrift,Spendthrift
USR-388,Wulan Widodo,1991-10-19,Michelle Pratiwi,First Jobber,4830000,Spendthrift,0,Spendthrift,Spendthrift,Spendthrift
USR-274,"H. Mustika Manullang, S.Ked",1992-12-11,Hj. Violet Farida,First Jobber,5960000,Unconflicted,0,Unconflicted,Unconflicted,Unconflicted
USR-167,Dr. Zahra Suwarno,2004-05-04,Luluh Thamrin,Mahasiswa,3230000,Tightwad,0,Tightwad,Tightwad,Tightwad
USR-329,Safina Kusmawati,1998-12-21,Praba Suwarno,First Jobber,5240000,Tightwad,0,Tightwad,Tightwad,Tightwad
USR-493,Cemani Prasetyo,2004-11-08,Xanana Wacana,Profesional,16550000,Unconflicted,1,Unconflicted,Unconflicted,Unconflicted
USR-135,drg. Siska Lestari,2007-10-27,Kamaria Wasita,Mahasiswa,2030000,Tightwad,0,Tightwad,Tightwad,Tightwad
USR-307,"Dr. Estiono Oktaviani, M.Ak",1992-07-07,Hartana Wahyudin,First Jobber,4940000,Unconflicted,0,Unconflicted,Unconflicted,Unconflicted
USR-481,"Zulfa Permadi, S.Gz",1994-10-11,Calista Hasanah,Profesional,17960000,Tightwad,0,Tightwad,Tightwad,Tightwad
USR-320,"Prasetyo Zulaika, S.T.",2001-05-11,Yusuf Prayoga,First Jobber,5770000,Tightwad,0,Tightwad,Tightwad,Tightwad
USR-244,Umi Hassanah,1994-08-03,Galak Halimah,First Jobber,5190000,Tightwad,0,Tightwad,Tightwad,Tightwad
USR-055,H. Irsad Purwanti,1990-07-20,Warsa Maryadi,Mahasiswa,2880000,Tightwad,0,Tightwad,Tightwad,Tightwad
USR-364,"Karma Prasetya, S.Farm",1995-10-14,Kalim Rahayu,First Jobber,4640000,Unconflicted,0,Unconflicted,Unconflicted,Unconflicted
USR-051,Eman Latupono,2006-05-23,"Puspa Mangunsong, S.T.",Mahasiswa,2780000,Spendthrift,0,Spendthrift,Spendthrift,Spendthrift
USR-457,Hasna Sinaga,2005-04-15,Pia Permata,Profesional,10500000,Unconflicted,0,Unconflicted,Unconflicted,Unconflicted
USR-175,Jaeman Uwais,2002-06-27,"Eluh Padmasari, S.Sos",Mahasiswa,2220000,Tightwad,0,Tightwad,Tightwad,Tightwad
USR-446,"Sutan Emin Firmansyah, M.M.",1995-02-09,"Puti Maida Lazuardi, S.H.",Profesional,10030000,Tightwad,1,Tightwad,Tightwad,Tightwad
USR-190,Olivia Prasetya,2007-05-25,Ozy Wahyuni,Mahasiswa,2930000,Tightwad,0,Tightwad,Tightwad,Tightwad
USR-497,"Puji Prasasta, S.E.I",1990-06-28,Aisyah Pradipta,Profesional,12980000,Unconflicted,0,Unconflicted,Unconflicted,Unconflicted
USR-188,dr. Anita Natsir,1995-02-25,Opung Andriani,Mahasiswa,1810000,Unconflicted,1,Unconflicted,Unconflicted,Unconflicted
USR-170,Uchita Mustofa,1991-12-31,Jane Agustina,Mahasiswa,2030000,Unconflicted,0,Unconflicted,Unconflicted,Unconflicted
USR-059,Saka Marpaung,2007-12-13,"R.M. Teguh Zulkarnain, S.Ked",Mahasiswa,2950000,Spendthrift,1,Spendthrift,Spendthrift,Spendthrift
USR-049,Tasnim Prasasta,1997-01-10,Ismail Palastri,Mahasiswa,1900000,Unconflicted,1,Unconflicted,Unconflicted,Unconflicted
USR-345,Usyi Nasyiah,2004-10-24,"R.A. Vanesa Prayoga, M.Ak",First Jobber,5710000,Tightwad,0,Tightwad,Tightwad,Tightwad
USR-236,"Salimah Wijaya, S.E.I",2001-02-01,Galak Purwanti,First Jobber,4800000,Tightwad,0,Tightwad,Tightwad,Tightwad
USR-253,Raisa Ardianto,2006-09-07,Edi Pratama,First Jobber,4980000,Spendthrift,0,Spendthrift,Spendthrift,Spendthrift
USR-022,"R.M. Jono Kurniawan, S.Pd",2005-07-11,Drs. Dalimin Mangunsong,Mahasiswa,2660000,Tightwad,0,Tightwad,Tightwad,Tightwad
USR-314,"KH. Labuh Permata, S.H.",2003-05-13,Dr. Ella Novitasari,First Jobber,5520000,Tightwad,1,Tightwad,Tightwad,Tightwad
USR-460,Farah Mustofa,2006-04-04,Endah Saefullah,Profesional,10120000,Tightwad,0,Tightwad,Tightwad,Tightwad
USR-161,drg. Raina Zulaika,1994-09-17,R. Gina Hariyah,Mahasiswa,3200000,Unconflicted,0,Unconflicted,Unconflicted,Unconflicted
USR-277,"R. Kemal Mandala, M.TI.",1996-12-24,Sadina Setiawan,First Jobber,5720000,Spendthrift,0,Spendthrift,Spendthrift,Spendthrift
USR-444,R. Kemal Latupono,1995-03-14,Tgk. Kemba Gunarto,Profesional,15800000,Tightwad,0,Tightwad,Tightwad,Tightwad
USR-192,Silvia Kurniawan,1999-03-15,Belinda Hutapea,Mahasiswa,3340000,Tightwad,0,Tightwad,Tightwad,Tightwad
USR-386,Jefri Wulandari,1998-02-16,Balamantri Kuswoyo,First Jobber,4600000,Unconflicted,0,Unconflicted,Unconflicted,Unconflicted
USR-294,"Danu Pertiwi, S.Farm",2001-07-03,Jamal Utami,First Jobber,5170000,Tightwad,0,Tightwad,Tightwad,Tightwad
USR-414,Ratih Prasasta,1996-03-29,Yuliana Wijaya,Profesional,13720000,Spendthrift,0,Spendthrift,Spendthrift,Spendthrift
USR-344,Eva Hasanah,2003-11-02,dr. Lidya Pudjiastuti,First Jobber,5550000,Spendthrift,0,Spendthrift,Spendthrift,Spendthrift
USR-258,Mulya Winarsih,1991-12-01,Betania Novitasari,First Jobber,5120000,Unconflicted,0,Unconflicted,Unconflicted,Unconflicted
USR-309,Aris Mandala,2003-03-22,"drg. Karja Hasanah, S.E.I",First Jobber,5990000,Unconflicted,0,Unconflicted,Unconflicted,Unconflicted
USR-150,"R.A. Tami Permadi, M.Farm",1997-04-09,"drg. Aurora Simanjuntak, M.Kom.",Mahasiswa,2870000,Unconflicted,0,Unconflicted,Unconflicted,Unconflicted
USR-131,"Latika Saputra, M.TI.",2000-02-05,Cindy Rahimah,Mahasiswa,3260000,Spendthrift,0,Spendthrift,Spendthrift,Spendthrift
USR-152,Jefri Rahayu,1996-05-08,Taufan Farida,Mahasiswa,2170000,Spendthrift,1,Spendthrift,Spendthrift,Spendthrift
USR-360,Danang Hidayat,1992-03-11,Ivan Rahimah,First Jobber,5230000,Spendthrift,0,Spendthrift,Spendthrift,Spendthrift
USR-100,Lega Utami,1994-09-30,"Vera Sihombing, M.Ak",Mahasiswa,2850000,Spendthrift,1,Spendthrift,Spendthrift,Spendthrift
USR-373,"Devi Kuswandari, S.H.",2002-11-24,"Farhunnisa Widodo, S.H.",First Jobber,4900000,Spendthrift,0,Spendthrift,Spendthrift,Spendthrift
USR-088,"drg. Paulin Palastri, M.Ak",2006-07-16,Gawati Saputra,Mahasiswa,2880000,Spendthrift,0,Spendthrift,Spendthrift,Spendthrift
USR-459,Luis Haryanti,1990-09-02,"R. Maida Hasanah, S.Ked",Profesional,13890000,Tightwad,0,Tightwad,Tightwad,Tightwad
USR-331,H. Nyoman Firgantoro,2006-10-25,Hamzah Nugroho,First Jobber,5120000,Unconflicted,0,Unconflicted,Unconflicted,Unconflicted
USR-215,Dr. Rafi Winarsih,2004-11-20,Hasta Gunarto,First Jobber,5940000,Tightwad,1,Tightwad,Tightwad,Tightwad
USR-467,"KH. Taufan Mansur, S.E.I",1991-08-10,Cut Rahmi Yulianti,Profesional,13470000,Spendthrift,0,Spendthrift,Spendthrift,Spendthrift
USR-122,Ir. Widya Safitri,1994-06-09,dr. Ihsan Handayani,Mahasiswa,2190000,Unconflicted,0,Unconflicted,Unconflicted,Unconflicted
USR-500,Caket Setiawan,1992-01-19,Usman Nurdiyanti,Profesional,14820000,Spendthrift,1,Spendthrift,Spendthrift,Spendthrift
USR-021,Endah Hasanah,1990-06-08,"Tantri Saptono, M.TI.",Mahasiswa,2090000,Spendthrift,0,Spendthrift,Spendthrift,Spendthrift
USR-189,R. Panca Haryanto,1998-12-13,"Tgk. Kambali Rahayu, S.IP",Mahasiswa,2680000,Tightwad,0,Tightwad,Tightwad,Tightwad
USR-072,"Cut Ilsa Suwarno, S.Kom",1998-02-11,Ir. Safina Sinaga,Mahasiswa,1670000,Spendthrift,0,Spendthrift,Spendthrift,Spendthrift
USR-107,Zizi Simbolon,1993-08-25,Garang Rajata,Mahasiswa,2300000,Unconflicted,0,Unconflicted,Unconflicted,Unconflicted
USR-271,Melinda Suartini,2003-04-18,Muhammad Handayani,First Jobber,4630000,Tightwad,0,Tightwad,Tightwad,Tightwad
USR-349,Nasim Padmasari,1999-03-06,drg. Rusman Hakim,First Jobber,5340000,Spendthrift,0,Spendthrift,Spendthrift,Spendthrift
USR-436,Muni Mansur,1996-01-06,Gaduh Latupono,Profesional,8880000,Tightwad,0,Tightwad,Tightwad,Tightwad
USR-103,Karen Usada,2006-06-05,Titin Mangunsong,Mahasiswa,2100000,Unconflicted,1,Unconflicted,Unconflicted,Unconflicted
